Sandra,Rios,1,(449) 611-5319,,,hessel.ike@gmail.com,,B1,1,English,7a,c1,c2,c3
Sullivan,Valenzuela,2,(230) 305-5623,,,bruen.donald@gmail.com,,B1,2,English,7a,c1,c2,c3
Konnor,Carter,3,(559) 826-1893,,,stephania.boyle@gmail.com,,B1,3,English,7a,c1,c2,c3
Tanya,Joseph,4,(641) 279-8008,,,tatyana67@bashirian.com,,B1,4,English,7a,c1,c2,c3
Rodrigo,Deleon,5,(247) 406-1239,,,alfredo.bechtelar@mante.com,,B1,5,English,7a,c1,c2,c3
Rayne,Benjamin,6,(474) 397-2990,,,eldred08@yahoo.com,,B1,6,English,7a,c1,c2,c3
Joey,Elliott,7,(828) 947-6863,,,stuart.kihn@hotmail.com,,B1,7,English,7a,c1,c2,c3
Jamal,Berger,8,(379) 982-7461,,,goodwin.patience@hotmail.com,,B1,8,English,7a,c1,c2,c3
Nick,Rubio,9,(999) 734-5228,,,collin.bartell@hoeger.com,,B1,9,English,7a,c1,c2,c3
Justine,Vang,10,(335) 302-2577,,,cauer@will.net,,B1,10,English,7a,c1,c2,c3
Tyshawn,Rodriguez,11,(224) 284-5096,,,natasha90@hotmail.com,,B1,11,English,7a,c1,c2,c3
Samson,Harmon,12,(523) 737-8627,,,ian.johnson@hotmail.com,,B1,12,English,7a,c1,c2,c3
Derrick,Pennington,13,(300) 947-6969,,,gwisoky@gmail.com,,B1,1,English,7a,c1,c2,c3
Tessa,Jones,14,(389) 834-0636,,,hintz.rossie@gleichner.com,,B1,2,English,7a,c1,c2,c3
Wayne,Roach,15,(341) 783-6065,,,dickinson.eliza@hotmail.com,,B1,3,English,7a,c1,c2,c3
Rafael,Rush,16,(691) 224-5647,,,jillian.hirthe@yahoo.com,,B1,4,English,7a,c1,c2,c3
Areli,Lozano,17,(449) 527-0763,,,jbaumbach@gmail.com,,B1,5,English,7a,c1,c2,c3
Gretchen,Douglas,18,(971) 271-9861,,,jacques.terry@deckow.net,,B1,6,English,7a,c1,c2,c3
Jayden,Benton,19,(493) 526-1206,,,ezekiel26@swaniawski.com,,B1,7,English,7a,c1,c2,c3
Talia,Cardenas,20,(826) 909-2963,,,schuppe.estell@schumm.info,,B1,8,English,7a,c1,c2,c3
Jacey,Wise,21,(741) 869-0017,,,johnny.eichmann@gmail.com,,B1,9,English,7a,c1,c2,c3
Casey,Lara,22,(931) 811-7682,,,reinger.naomi@mosciski.com,,B1,10,English,7a,c1,c2,c3
Brayden,Conner,23,(259) 317-5044,,,corine81@yahoo.com,,B1,11,English,7a,c1,c2,c3
Gianni,King,24,(704) 259-7030,,,jcruickshank@langosh.com,,B1,12,English,7a,c1,c2,c3
Francesca,Bird,25,(373) 334-4499,,,blair68@gmail.com,,B1,1,English,7a,c1,c2,c3
Trenton,Huynh,26,(680) 327-7119,,,kiehn.ettie@yahoo.com,,B1,2,English,7a,c1,c2,c3
Ingrid,Schneider,27,(240) 690-4779,,,milan.thompson@effertz.com,,B1,3,English,7a,c1,c2,c3
Isaac,Khan,28,(469) 742-0999,,,bruce70@yahoo.com,,B1,4,English,7a,c1,c2,c3
Fiona,Beltran,29,(309) 683-9396,,,lily.hessel@hotmail.com,,B1,5,English,7a,c1,c2,c3
Jacob,Huber,30,(720) 646-5615,,,bmurphy@yahoo.com,,B1,6,English,7a,c1,c2,c3
Darian,Valdez,31,(797) 582-6190,,,wuckert.junius@simonis.net,,B1,7,English,7a,c1,c2,c3
Tyrese,Carr,32,(667) 265-8907,,,josie73@bergnaum.com,,B1,8,English,7a,c1,c2,c3
London,Burch,33,(402) 640-4926,,,emmerich.orion@yahoo.com,,B1,9,English,7a,c1,c2,c3
Pierre,Lloyd,34,(548) 533-6048,,,rosanna05@yahoo.com,,B1,10,English,7a,c1,c2,c3
Nylah,Reilly,35,(984) 546-1938,,,jocelyn00@kertzmann.com,,B1,11,English,7a,c1,c2,c3
Finley,Hurley,36,(931) 438-9710,,,white.loy@romaguera.biz,,B1,12,English,7a,c1,c2,c3
Zain,Kline,37,(448) 952-9407,,,zdickinson@howe.com,,B1,1,English,7a,c1,c2,c3
Dulce,Holt,38,(297) 748-0783,,,kariane.stoltenberg@stoltenberg.net,,B1,2,English,7a,c1,c2,c3
Angelo,Massey,39,(769) 376-7160,,,jonatan20@hotmail.com,,B1,3,English,7a,c1,c2,c3
Riya,Gardner,40,(996) 623-4453,,,lucius.murphy@gmail.com,,B1,4,English,7a,c1,c2,c3
Kelton,Avila,41,(809) 244-4100,,,dare.elisa@hotmail.com,,B1,5,English,7a,c1,c2,c3
Omar,Soto,42,(578) 455-4617,,,sonya44@hotmail.com,,B1,6,English,7a,c1,c2,c3
Priscilla,Ritter,43,(274) 686-4991,,,marcella63@hotmail.com,,B1,7,English,7a,c1,c2,c3
Michaela,Holloway,44,(457) 624-7210,,,maggio.melvina@bruen.com,,B1,8,English,7a,c1,c2,c3
Brayan,Ford,45,(266) 621-2287,,,vmosciski@hilpert.com,,B1,9,English,7a,c1,c2,c3
Emmett,Guerra,46,(472) 646-9691,,,kuhn.jamil@trantow.biz,,B1,10,English,7a,c1,c2,c3
Carissa,Gaines,47,(583) 577-0061,,,crooks.juliet@leuschke.com,,B1,11,English,7a,c1,c2,c3
Lucas,Oconnell,48,(890) 305-9620,,,vandervort.talia@carter.info,,B1,12,English,7a,c1,c2,c3
Koen,Roberts,49,(343) 874-2385,,,priscilla69@kihn.net,,B1,1,English,7a,c1,c2,c3
Jasmine,Brady,50,(758) 688-1256,,,marjolaine62@ferry.net,,B1,2,English,7a,c1,c2,c3
Mariyah,David,51,(517) 522-4626,,,dgrimes@will.com,,B1,3,English,7a,c1,c2,c3
Stacy,Copeland,52,(336) 236-2534,,,mariane.miller@yahoo.com,,B1,4,English,7a,c1,c2,c3
Everett,Navarro,53,(952) 876-8604,,,salvatore08@gutmann.info,,B1,5,English,7a,c1,c2,c3
Erica,Dudley,54,(289) 923-3004,,,leonardo.kub@yahoo.com,,B1,6,English,7a,c1,c2,c3
Fatima,Wheeler,55,(370) 355-5939,,,vida.cruickshank@yahoo.com,,B1,7,English,7a,c1,c2,c3
Cornelius,Watts,56,(211) 959-6147,,,juanita43@hotmail.com,,B1,8,English,7a,c1,c2,c3
Maryjane,Sawyer,57,(823) 332-9999,,,bednar.roberto@bogisich.net,,B1,9,English,7a,c1,c2,c3
Ashley,Russell,58,(288) 718-2205,,,vivian.pouros@hotmail.com,,B1,10,English,7a,c1,c2,c3
Kayla,Russo,59,(678) 775-6917,,,blanda.clementine@yahoo.com,,B1,11,English,7a,c1,c2,c3
Jewel,Moon,60,(949) 621-1031,,,cwiza@cormier.com,,B1,12,English,7a,c1,c2,c3
Kymani,Booker,61,(595) 234-6746,,,connor05@yahoo.com,,B1,1,English,7a,c1,c2,c3
Brooklynn,Gonzales,62,(828) 838-4823,,,jakubowski.justus@towne.com,,B1,2,English,7a,c1,c2,c3
Jaylan,Richards,63,(617) 463-5307,,,icorkery@volkman.com,,B1,3,English,7a,c1,c2,c3
Lilly,Andrade,64,(594) 245-4943,,,friedrich65@goodwin.info,,B1,4,English,7a,c1,c2,c3
Aryanna,Glenn,65,(234) 937-2970,,,sjacobs@thompson.com,,B1,5,English,7a,c1,c2,c3
Coby,Parrish,66,(743) 392-3005,,,kellen17@dicki.net,,B1,6,English,7a,c1,c2,c3
Abigail,Ware,67,(607) 686-7540,,,kilback.ben@gmail.com,,B1,7,English,7a,c1,c2,c3
Maddison,Becker,68,(278) 203-8216,,,trevor.hill@schmidt.com,,B1,8,English,7a,c1,c2,c3
Kenyon,Calhoun,69,(756) 626-3647,,,minerva.larson@dietrich.info,,B1,9,English,7a,c1,c2,c3
Terrance,Logan,70,(507) 664-1483,,,funk.alaina@frami.com,,B1,10,English,7a,c1,c2,c3
Raegan,Blake,71,(201) 920-4567,,,niko49@willms.org,,B1,11,English,7a,c1,c2,c3
Jimmy,Gibbs,72,(567) 635-1605,,,yemard@gmail.com,,B1,12,English,7a,c1,c2,c3
John,Kirk,73,(468) 276-7848,,,klein.arielle@gmail.com,,B1,1,English,7a,c1,c2,c3
Lainey,Leon,74,(437) 433-8137,,,smitham.alec@herman.net,,B1,2,English,7a,c1,c2,c3
Raina,Nash,75,(365) 232-0527,,,wyatt65@kautzer.org,,B1,3,English,7a,c1,c2,c3
Brooke,Kelly,76,(428) 839-8369,,,spencer.diana@oconnell.com,,B1,4,English,7a,c1,c2,c3
Jaiden,Brewer,77,(706) 481-6851,,,lehner.citlalli@mertz.com,,B1,5,English,7a,c1,c2,c3
Julianne,Galvan,78,(623) 546-1286,,,terry.oswaldo@hotmail.com,,B1,6,English,7a,c1,c2,c3
Courtney,Hill,79,(908) 720-3330,,,nina22@hotmail.com,,B1,7,English,7a,c1,c2,c3
Tanner,Ferrell,80,(917) 363-4353,,,harber.brielle@gmail.com,,B1,8,English,7a,c1,c2,c3
Rihanna,Hernandez,81,(948) 310-9800,,,roberta.prosacco@rath.com,,B1,9,English,7a,c1,c2,c3
Danna,Kim,82,(337) 342-5887,,,jacobs.kacey@yahoo.com,,B1,10,English,7a,c1,c2,c3
Kaylynn,Heath,83,(423) 972-8025,,,kdubuque@hotmail.com,,B1,11,English,7a,c1,c2,c3
Yamilet,Duran,84,(451) 801-6548,,,kariane.spencer@dicki.com,,B1,12,English,7a,c1,c2,c3
Morgan,Mcclure,85,(503) 899-0255,,,natasha.brakus@yahoo.com,,B1,1,English,7a,c1,c2,c3
Logan,Marshall,86,(231) 722-8140,,,harber.amiya@yahoo.com,,B1,2,English,7a,c1,c2,c3
Emiliano,Kaufman,87,(905) 742-5332,,,lorenza.cronin@gmail.com,,B1,3,English,7a,c1,c2,c3
Jordan,Ferguson,88,(618) 810-2233,,,joanie.ryan@okuneva.info,,B1,4,English,7a,c1,c2,c3
Lauryn,Sanders,89,(433) 836-2624,,,huels.grady@gmail.com,,B1,5,English,7a,c1,c2,c3
Luke,Bass,90,(997) 772-2929,,,izabella.borer@sipes.com,,B1,6,English,7a,c1,c2,c3
Joshua,Coffey,91,(901) 737-4691,,,ahalvorson@smith.com,,B1,7,English,7a,c1,c2,c3
Annika,Boyer,92,(997) 643-0649,,,leilani.abbott@gmail.com,,B1,8,English,7a,c1,c2,c3
Zechariah,Webb,93,(645) 746-8101,,,ihickle@yahoo.com,,B1,9,English,7a,c1,c2,c3
Celia,Ibarra,94,(651) 810-0333,,,haag.cierra@hotmail.com,,B1,10,English,7a,c1,c2,c3
Christian,Mclean,95,(599) 369-7598,,,ehamill@maggio.net,,B1,11,English,7a,c1,c2,c3
Jesse,Todd,96,(559) 917-9909,,,jerry29@cremin.info,,B1,12,English,7a,c1,c2,c3
Trent,Woodward,97,(358) 622-6083,,,ali36@hotmail.com,,B1,1,English,7a,c1,c2,c3
Rebecca,Pratt,98,(779) 276-9518,,,koch.daphney@hand.info,,B1,2,English,7a,c1,c2,c3
Kolton,Bauer,99,(831) 352-4820,,,fatima.crist@nikolaus.info,,B1,3,English,7a,c1,c2,c3
Sydney,Ramirez,100,(353) 314-9814,,,konopelski.ruben@haag.net,,B1,4,English,7a,c1,c2,c3
Haven,Chen,101,(901) 503-2373,,,daniel.rosalinda@runte.com,,B1,5,English,7a,c1,c2,c3
Miranda,Rivers,102,(518) 565-7672,,,alexa31@conroy.com,,B1,6,English,7a,c1,c2,c3
Alonso,Davenport,103,(251) 954-8835,,,talon60@yahoo.com,,B1,7,English,7a,c1,c2,c3
Drake,Lopez,104,(442) 201-2601,,,brad35@anderson.net,,B1,8,English,7a,c1,c2,c3
Abigayle,Richard,105,(216) 752-6324,,,rpurdy@hotmail.com,,B1,9,English,7a,c1,c2,c3
Amara,Jennings,106,(689) 430-1930,,,wayne01@wisoky.biz,,B1,10,English,7a,c1,c2,c3
Alison,Palmer,107,(837) 376-2948,,,rhane@mosciski.org,,B1,11,English,7a,c1,c2,c3
Denisse,Carrillo,108,(527) 660-7175,,,jace43@larkin.com,,B1,12,English,7a,c1,c2,c3
Nash,Archer,109,(422) 331-7225,,,jacobi.sid@gmail.com,,B1,1,English,7a,c1,c2,c3
Kasey,White,110,(625) 950-0027,,,carmine80@yahoo.com,,B1,2,English,7a,c1,c2,c3
Raphael,Morales,111,(581) 357-1157,,,jamarcus.hettinger@flatley.com,,B1,3,English,7a,c1,c2,c3
Quinten,Oliver,112,(442) 594-9059,,,daniel.america@kihn.info,,B1,4,English,7a,c1,c2,c3
Serena,Ortega,113,(542) 834-2552,,,era.auer@yahoo.com,,B1,5,English,7a,c1,c2,c3
Myah,Kirby,114,(323) 451-8771,,,lula.flatley@gmail.com,,B1,6,English,7a,c1,c2,c3
Jadyn,Chambers,115,(937) 832-5805,,,edwina.wunsch@hotmail.com,,B1,7,English,7a,c1,c2,c3
Remington,Maynard,116,(984) 222-0676,,,delphine77@gmail.com,,B1,8,English,7a,c1,c2,c3
Taryn,Little,117,(421) 920-6934,,,jermey62@hotmail.com,,B1,9,English,7a,c1,c2,c3
Landon,Blackburn,118,(435) 803-4271,,,bthompson@hotmail.com,,B1,10,English,7a,c1,c2,c3
Helen,Oneal,119,(588) 216-2577,,,murray81@wolf.com,,B1,11,English,7a,c1,c2,c3
Jaelynn,Mcmahon,120,(600) 850-1451,,,orval95@yahoo.com,,B1,12,English,7a,c1,c2,c3
Rey,Garza,121,(683) 495-8842,,,edmund60@gmail.com,,B1,1,English,7a,c1,c2,c3
Abril,Bush,122,(682) 426-1078,,,ana.davis@dare.com,,B1,2,English,7a,c1,c2,c3
Christine,Walton,123,(379) 959-6053,,,pfeffer.amira@yahoo.com,,B1,3,English,7a,c1,c2,c3
Owen,Martin,124,(567) 835-4760,,,watsica.allie@ward.com,,B1,4,English,7a,c1,c2,c3
Quinton,Reed,125,(609) 653-8307,,,kris.haylie@hotmail.com,,B1,5,English,7a,c1,c2,c3
Ernesto,Wright,126,(586) 797-8201,,,cmarvin@gmail.com,,B1,6,English,7a,c1,c2,c3
Jamar,Mendoza,127,(638) 554-7719,,,oren.ferry@hotmail.com,,B1,7,English,7a,c1,c2,c3
Rosemary,Green,128,(917) 468-1340,,,modesto22@gmail.com,,B1,8,English,7a,c1,c2,c3
Mckenzie,Ponce,129,(959) 219-0276,,,angie.brekke@yahoo.com,,B1,9,English,7a,c1,c2,c3
Branson,Ball,130,(727) 239-8169,,,schimmel.anahi@hotmail.com,,B1,10,English,7a,c1,c2,c3
Madalynn,Santos,131,(970) 657-9172,,,maryse.brown@ullrich.com,,B1,11,English,7a,c1,c2,c3
Efrain,Barrera,132,(626) 595-0098,,,dangelo71@hotmail.com,,B1,12,English,7a,c1,c2,c3
Gage,Bell,133,(693) 459-5909,,,derick.bosco@robel.com,,B1,1,English,7a,c1,c2,c3
Tiffany,Gallagher,134,(297) 788-5832,,,lennie.klocko@gmail.com,,B1,2,English,7a,c1,c2,c3
Jose,Stein,135,(765) 792-9271,,,chudson@hotmail.com,,B1,3,English,7a,c1,c2,c3
Kellen,Cummings,136,(293) 449-2997,,,leora36@hotmail.com,,B1,4,English,7a,c1,c2,c3
Tyrone,Shaw,137,(893) 729-2470,,,mupton@bernhard.com,,B1,5,English,7a,c1,c2,c3
Olive,Bridges,138,(416) 526-0799,,,kobe.bartell@schuster.info,,B1,6,English,7a,c1,c2,c3
Amina,Welch,139,(461) 766-7076,,,elouise.gusikowski@yahoo.com,,B1,7,English,7a,c1,c2,c3
Hallie,Byrd,140,(951) 737-4836,,,chartmann@hotmail.com,,B1,8,English,7a,c1,c2,c3
Kaleb,Dickerson,141,(780) 223-1477,,,keeling.kailyn@yahoo.com,,B1,9,English,7a,c1,c2,c3
Darryl,Lucas,142,(556) 828-3849,,,brianne10@hotmail.com,,B1,10,English,7a,c1,c2,c3
Karla,Henderson,143,(903) 945-3985,,,ahermiston@hotmail.com,,B1,11,English,7a,c1,c2,c3
Lola,Mcpherson,144,(529) 683-5785,,,leopold73@hotmail.com,,B1,12,English,7a,c1,c2,c3
Chance,Hensley,145,(455) 565-5834,,,uswift@conn.com,,B1,K,English,7a,c1,c2,c3
Arnav,Briggs,146,(438) 870-7981,,,wmcclure@hotmail.com,,B1,K,English,7a,c1,c2,c3
Dale,Cervantes,147,(468) 485-8147,,,dprosacco@damore.net,,B1,K,English,7a,c1,c2,c3
Sidney,Foster,148,(375) 964-5508,,,rodriguez.ines@bechtelar.com,,B1,K,English,7a,c1,c2,c3
Shyanne,Shields,149,(776) 956-5568,,,dallas04@yahoo.com,,B1,K,English,7a,c1,c2,c3
Lorelai,Dunn,150,(285) 841-1440,,,hahn.jewel@buckridge.com,,B1,K,English,7a,c1,c2,c3