Andrew Salinas,8649651685,vhughes@yahoo.com,"English, Spanish"
Brian Walter,+1-485-907-9347x621,williamsbecky@anderson-pena.biz,"English, Spanish"
Jonathan Maldonado,485.847.0965x46865,brian65@hotmail.com,"English, Spanish"
Melanie Rojas,703.802.5105,kimberlyjohnson@yahoo.com,"English, Spanish"
Kyle Thomas,(557)317-0289x31557,ugibbs@mays.com,"English, Spanish"
Juan Thomas,474.351.0688x9010,csandoval@schmitt.com,"English, Spanish"
Jessica Walker,626-742-1914x170,jennifer25@hotmail.com,"English, Spanish"
Michelle Lewis,(467)598-6843,brent98@braun.com,"English, Spanish"
Margaret Allen,814.275.2168x56973,sara08@obrien-diaz.com,"English, Spanish"
Lindsey Brown,488-969-2993x235,reynoldsdebbie@huang-lam.com,"English, Spanish"
Andrew Edwards,584.710.5752x975,dawnmelton@hotmail.com,"English, Spanish"
Benjamin Rodriguez,001-643-567-9966x95063,carol40@yahoo.com,"English, Spanish"
Joel Guzman,3042841415,juarezleslie@gmail.com,"English, Spanish"
Whitney Wise,613-949-1640x268,mclaughlinjason@clements-murray.com,"English, Spanish"
Derek Snow,840-820-1691x58246,mperez@dean-acevedo.com,"English, Spanish"
Douglas Taylor,430.470.1209,jeffreyobrien@gmail.com,"English, Spanish"
Thomas Hill,+1-757-372-7992x352,madison89@hotmail.com,"English, Spanish"
Linda Lamb,795.967.7142x85267,sydneymiller@cruz.com,"English, Spanish"
Joseph Johnson,(994)634-8093x579,cynthia45@hotmail.com,"English, Spanish"
Joseph Robinson,001-567-976-4947x8117,thompsontanya@gmail.com,"English, Spanish"
Ashley Burton,816-293-0472x468,michaelatkins@gmail.com,"English, Spanish"
Brandon Le,(987)919-2483x94734,dennisbrenda@yahoo.com,"English, Spanish"
Mrs. Samantha Fernandez,311-587-8163x8957,jessica73@walsh.info,"English, Spanish"
Rebecca Bridges,001-938-953-7883x32946,larachristopher@alvarez-bailey.com,"English, Spanish"
Johnathan Gutierrez,395-342-6948x921,seth00@silva.com,"English, Spanish"
Matthew Murray,810-493-4967x346,miranda09@hotmail.com,"English, Spanish"
Tonya Mclean,+1-899-598-9786x655,brian18@gmail.com,"English, Spanish"
Shannon Murphy,(672)677-6664,pmiles@hotmail.com,"English, Spanish"
Matthew Anderson,200-331-5819x6766,clarkejonathan@gmail.com,"English, Spanish"
Penny Kent,3933619631,sheryl00@gmail.com,"English, Spanish"
James Santos,+1-565-244-6304x982,jthomas@yahoo.com,"English, Spanish"
Elizabeth Gaines,391.336.4607,lucascharlene@gmail.com,"English, Spanish"
Tyler Wallace,572-951-8203x4304,codyperez@gmail.com,"English, Spanish"
Francis Wheeler,+1-446-764-0070x4167,kaylawest@frazier.com,"English, Spanish"
Mark Stephens,967-818-3319,hansenandrea@yahoo.com,"English, Spanish"
Gregory Garcia,001-675-210-8635x6361,gregory60@gmail.com,"English, Spanish"
Lisa Duarte,367.371.6973,brettflores@yahoo.com,"English, Spanish"
Jesus Mathews,+1-924-709-8927x588,timothyward@taylor.com,"English, Spanish"
Mark Harper,(290)565-3586,zhill@duncan-meyers.biz,"English, Spanish"
Ronald Andrews,7074586310,johnsonamy@walters-shea.biz,"English, Spanish"
Justin Mathews,(803)235-8311x725,alexanderbutler@christian.com,"English, Spanish"
Megan Chang,+1-364-424-5518x66963,grossmichael@gmail.com,"English, Spanish"
Crystal Carter,+1-904-645-9871x61545,howellkatherine@pollard.biz,"English, Spanish"
Jennifer Turner,001-380-522-6929x272,sara01@hotmail.com,"English, Spanish"
Sharon Cameron MD,+1-242-296-8924x9068,rodriguezdevin@gonzalez.biz,"English, Spanish"
Karina Walker,+1-329-306-0788x529,jenkinsjason@hotmail.com,"English, Spanish"
Daniel Gonzalez,619.777.4533x98590,kayla45@hotmail.com,"English, Spanish"
Carolyn Cooper,970.533.0978x5670,bradleycrawford@jones-cobb.org,"English, Spanish"
Jesse Johnson,2478778081,lholmes@yahoo.com,"English, Spanish"
Donna Carlson,2382028476,moralesjoyce@strickland.com,"English, Spanish"
Joel Powers,(812)425-8171,nallen@griffin.com,"English, Spanish"
Daniel Simon,381-938-4205x358,fnielsen@yahoo.com,"English, Spanish"
Elizabeth Flores,001-615-546-1922x063,jessicapope@morales.com,"English, Spanish"
Patricia Hicks,+1-941-270-0228x75060,vgood@johnson.com,"English, Spanish"
Michael Garcia,7542775923,tabbott@johnston.com,"English, Spanish"
David Harris,(220)585-2348x52538,wesley00@gmail.com,"English, Spanish"
Micheal Williams,+1-938-855-8473,gharrington@gmail.com,"English, Spanish"
Barbara Brown,001-705-673-5966,chavezcheyenne@forbes.info,"English, Spanish"
Carolyn Meza,(530)365-9221,cbrady@gmail.com,"English, Spanish"
Emma Ashley,334-411-0530x398,shawncooper@hotmail.com,"English, Spanish"
Corey Harris,001-846-443-3908,uedwards@gmail.com,"English, Spanish"
Mr. Anthony Hall,+1-364-794-0360,jperez@payne.info,"English, Spanish"
Felicia Clark,001-963-690-1455x005,jeremyfisher@woods.com,"English, Spanish"
Deborah George,+1-617-818-1101x986,luis80@yahoo.com,"English, Spanish"
Carrie Bush,+1-367-879-2218x62400,pjohnston@yahoo.com,"English, Spanish"
Janet Roberson,001-835-528-7551,kimhendrix@hotmail.com,"English, Spanish"
Christopher Miller,7068982378,flawson@hotmail.com,"English, Spanish"
Thomas Atkinson,+1-405-917-3736x7481,christine90@yahoo.com,"English, Spanish"
Roberta Gutierrez,(573)706-5252,wcharles@yahoo.com,"English, Spanish"
Madeline Nguyen,(321)258-1343x290,xleach@hotmail.com,"English, Spanish"
Anna Nelson,597.954.5178,jennifer03@hotmail.com,"English, Spanish"
Kristina Alvarez,(588)799-5409,diana92@flores.com,"English, Spanish"
Brianna Bell,6456975429,taramejia@smith-walters.biz,"English, Spanish"
Ana Morton,(532)811-5242,tinaprice@wright.biz,"English, Spanish"
Anthony Oliver,993-911-9123x4384,burkejeff@hotmail.com,"English, Spanish"
Jesse Perez,+1-352-712-4016,harperjoshua@garza-deleon.com,"English, Spanish"
Mary Vargas,001-522-992-2677x3789,brandon55@gmail.com,"English, Spanish"
Ronald Baxter,001-757-575-1214,nealvanessa@hotmail.com,"English, Spanish"
John Myers,668-631-3635,murphychloe@parsons.com,"English, Spanish"
Robert Reyes,365-885-3050x80128,jessewagner@flores.com,"English, Spanish"
William Richards,001-773-751-3532x41746,vicki31@mccormick.net,"English, Spanish"
Rachel Wong,250-586-0912,janicehaynes@gmail.com,"English, Spanish"
Pamela Gibson,820-298-8283,malonejonathan@cuevas.com,"English, Spanish"
Michelle Casey,(625)432-0580x14171,heather62@yahoo.com,"English, Spanish"
Tina Martinez,+1-558-516-9155x52699,garcialisa@gmail.com,"English, Spanish"
Ryan Hall,001-557-557-6775,anthony30@hotmail.com,"English, Spanish"
Nathan Burke,(280)510-2686,mcgrathanthony@lopez.net,"English, Spanish"
Joanna Castaneda,(361)639-6092x78523,nancy51@eaton-gray.com,"English, Spanish"
Joshua Hill,(697)253-2405x17323,debra38@hotmail.com,"English, Spanish"
Austin Wagner,775-510-5222x5885,zbolton@hotmail.com,"English, Spanish"
Cory Patton,001-409-312-1316x231,pburns@yahoo.com,"English, Spanish"
Mark Williams,+1-245-328-5254,pmatthews@gmail.com,"English, Spanish"
Margaret Williams,(477)255-3168,wwashington@moore.com,"English, Spanish"
Alison Rodriguez,214.404.0603x5214,travis58@adams.com,"English, Spanish"
James Barnes,963.858.5221,joseph50@yahoo.com,"English, Spanish"
Jerry Murphy,+1-390-276-0193,connierobinson@hotmail.com,"English, Spanish"
Troy Martinez,001-983-981-2603,erikhill@roberts.com,"English, Spanish"
Suzanne Byrd,533.817.6508,robrien@hall.com,"English, Spanish"
Chelsea Copeland,(837)741-9476x22733,audrey99@martinez.com,"English, Spanish"
Deborah Smith,382.816.9066,james10@gmail.com,"English, Spanish"
Danielle Graham,8513649679,mario29@hotmail.com,"English, Spanish"
Rachel Waters,001-749-315-4881x7646,flong@strickland-lee.com,"English, Spanish"
Kelly Moore,7779087024,qdawson@boyd.info,"English, Spanish"
Austin Morgan,3783840845,stevebates@hotmail.com,"English, Spanish"
Carla Martin,001-467-515-9652x934,thomas14@hotmail.com,"English, Spanish"
Michael Ramos,390.562.3298,gomezdaniel@morrow-vargas.info,"English, Spanish"
Kristy Luna,(753)794-7388x23868,catherinetrujillo@clark-tyler.com,"English, Spanish"
Mark Parker MD,888-446-4160x870,lsmith@gmail.com,"English, Spanish"
John Mendoza II,(963)419-6358x43005,leonmay@lopez.com,"English, Spanish"
Haley Anderson,001-432-265-9545x609,bmoore@hotmail.com,"English, Spanish"
Robert Elliott,787.674.8377x102,dixonpatricia@yahoo.com,"English, Spanish"
Whitney Williams,(695)382-4899,cristinastevens@griffin-yates.info,"English, Spanish"
Nina Johnson,693.294.0906x352,manuel46@barnes.org,"English, Spanish"
Andrew Valenzuela,650-660-0605,hhernandez@yahoo.com,"English, Spanish"
Tyler Hodges,001-869-751-6686x99731,mariachavez@hotmail.com,"English, Spanish"
Robert Leblanc,594-222-2221x53835,tsmith@cochran-cooper.biz,"English, Spanish"
Brian Porter,863-909-2011x140,hillryan@hotmail.com,"English, Spanish"
Katherine Williams,(242)765-4036,drivera@wilkins.com,"English, Spanish"
Lisa Douglas,001-929-774-4157,tharding@gmail.com,"English, Spanish"
Jeffrey Alexander,4697952363,brandonwilliams@yahoo.com,"English, Spanish"
Greg Robertson,248-891-0142x77136,nperry@mason.com,"English, Spanish"
Randall Adams,2689393229,williamsmichelle@yahoo.com,"English, Spanish"
Johnathan Jones,001-586-745-2380x7911,wrightamy@baird.com,"English, Spanish"
Melissa Bailey,001-898-418-7647x5572,jgreene@benson-green.com,"English, Spanish"
Amy Ramos,001-816-854-9788x195,laura34@yahoo.com,"English, Spanish"
Steven Ryan,6569719677,molly75@mcclain.net,"English, Spanish"
Antonio Williams,+1-565-503-6827,melindabell@smith-rodriguez.com,"English, Spanish"
Carlos Frazier,001-658-933-5949x90313,amoore@gmail.com,"English, Spanish"
Cheyenne Robinson,001-796-245-4429x36147,rosenicholas@lawson.org,"English, Spanish"
Aaron Hines,(922)240-5072,christophergray@berry.com,"English, Spanish"
Ashley Reynolds,+1-236-407-8851x99796,guyyang@miller.com,"English, Spanish"
Chris Perry,+1-539-960-4651x608,gordonann@yahoo.com,"English, Spanish"
Brandon Williams,+1-642-339-0501x1474,martinezhannah@gmail.com,"English, Spanish"
Barry Perez,001-336-416-9193x204,dawnstone@lopez-hodges.biz,"English, Spanish"
Andrea Norton,+1-827-714-9977x02996,whickman@good-dyer.com,"English, Spanish"
Jeremy Ramirez,691-317-9250x400,matthewbenton@figueroa-white.com,"English, Spanish"
Christopher Ballard,232-489-2912,regina77@hotmail.com,"English, Spanish"
Teresa Berry,001-816-367-1692x85164,reyessandra@hotmail.com,"English, Spanish"
Theresa Jordan,+1-325-863-4669x4248,langzachary@williams.info,"English, Spanish"
Cheyenne Maldonado,662.648.2625x5222,yjackson@gmail.com,"English, Spanish"
Anthony Ruiz,638.573.8955x270,dennis66@yahoo.com,"English, Spanish"
Jaime Lucas,432-662-0160,martinryan@burch.biz,"English, Spanish"
Elizabeth Johnson,977-912-6999x56130,zcampbell@rhodes-johnson.com,"English, Spanish"
Lisa Mann,296-855-3786,wrightrobert@yahoo.com,"English, Spanish"
Margaret Bush,(900)722-2687x70919,caseydiane@gmail.com,"English, Spanish"
Cheryl Schroeder,(485)382-6725x34939,tpierce@holland-moore.org,"English, Spanish"
Randy Moran,757.985.5965,jessica34@williams-turner.com,"English, Spanish"
Autumn Knapp,5148966946,lovegrace@hotmail.com,"English, Spanish"
Tiffany Harris,981-510-7991,carrsarah@hotmail.com,"English, Spanish"
Danny Patton,+1-915-741-1078x025,gregory52@hotmail.com,"English, Spanish"
Mark Bowers,597.781.4469x9485,ymarquez@yahoo.com,"English, Spanish"
Samantha Thomas,588.693.4214x763,joshua37@rhodes-mcdaniel.net,"English, Spanish"
Ryan Martin,3093933709,wgreen@harvey.org,"English, Spanish"
John Henry,804-872-8195,lauren90@yahoo.com,"English, Spanish"
Mike Chan,(507)836-1582,amy02@ferguson.com,"English, Spanish"
Stephanie Johnson,969.276.1276,cevans@yahoo.com,"English, Spanish"
Elizabeth Mayer DVM,001-382-511-8667,danielle54@haynes.com,"English, Spanish"
Amanda Schwartz,690-906-5950x58717,crystal68@gmail.com,"English, Spanish"
Mark Hart,+1-533-778-2634x06374,swright@hotmail.com,"English, Spanish"
James Wilson,8888937489,shawndiaz@yahoo.com,"English, Spanish"
Angela Stevens,+1-215-492-9985,caseycampbell@garcia-taylor.com,"English, Spanish"
Kendra Bruce,338.693.4960,milesdavid@weber-thompson.org,"English, Spanish"
Mr. Ryan Mcguire DDS,304.931.6556,markmartinez@smith.com,"English, Spanish"
Robert Ramirez,456-947-0399,hallbrittany@michael-burton.com,"English, Spanish"
Adam Davis,935-615-2496x08219,ibrewer@yahoo.com,"English, Spanish"
Susan Mosley,700-837-6715x436,joshua18@yahoo.com,"English, Spanish"
Daniel Banks,+1-856-202-8430x23145,allentracy@hotmail.com,"English, Spanish"
Mark Lee,743-287-4179,frywilliam@shepherd.com,"English, Spanish"
Jessica Harrison,+1-275-370-6214x1369,youngmark@snow.com,"English, Spanish"
Denise Singleton,001-849-829-1571,keith04@yahoo.com,"English, Spanish"
Gabriela Jackson,001-830-850-8494x0772,brettyoung@henderson.org,"English, Spanish"
Sean Robertson,995-616-2613x892,nicholas80@yahoo.com,"English, Spanish"
Christopher Rocha,001-339-398-7927,pcurry@yahoo.com,"English, Spanish"
Tina Burns,3454652127,rodriguezrichard@gmail.com,"English, Spanish"
Sue Cruz,(525)782-0909,tina70@taylor-woods.com,"English, Spanish"
Lisa Waters,623.721.8504x330,amitchell@gmail.com,"English, Spanish"
Leon Webb,963-845-3063,kevinbarr@yahoo.com,"English, Spanish"
Daniel Fox,332-547-8039,jonesdaisy@sawyer.com,"English, Spanish"
Nicholas Mccarthy,984.820.1681x812,agibson@wright.com,"English, Spanish"
Brandon Phillips,(997)843-3266x3319,lopezstacey@hotmail.com,"English, Spanish"
Austin Pierce,248-375-1696,robinsoncarlos@wright.com,"English, Spanish"
Dana Mcdowell,(451)899-4956x7988,castanedagerald@gmail.com,"English, Spanish"
Karen Stone,734-542-2645,zhines@gmail.com,"English, Spanish"
Susan Alvarez,409.949.0762,michael23@hotmail.com,"English, Spanish"
Nicole Bryan,(529)349-7488,udickerson@foley-reynolds.info,"English, Spanish"
Johnathan Miller,(848)253-9738x208,uwood@harrison.biz,"English, Spanish"
Eric Wilson,+1-899-700-8560,youngbrett@yahoo.com,"English, Spanish"
Gregory Blackwell,442-947-8540x3866,rogersmark@marsh.com,"English, Spanish"
Bradley Gonzalez DDS,904.981.9082x98684,jessica80@yahoo.com,"English, Spanish"
Glenda Solis,774.728.6882,rbowman@yahoo.com,"English, Spanish"
Michael Meadows,(857)477-0664x65174,kaylabutler@hotmail.com,"English, Spanish"
Ronald Cook,749.538.6301,henry98@calhoun.com,"English, Spanish"
Ashley Williams,674.266.2909x177,seandixon@yahoo.com,"English, Spanish"
Taylor Skinner,001-748-347-4662,webstertracy@davis-white.com,"English, Spanish"
Paul Rodgers,001-271-576-7901x75010,michaelromero@mcintyre-daniels.net,"English, Spanish"
Kayla Moran,(878)524-6050,amy00@harris.net,"English, Spanish"
Breanna Smith,+1-959-669-2905x064,gabrielle25@yahoo.com,"English, Spanish"
Kyle Kim,+1-950-221-9498,xhill@gmail.com,"English, Spanish"
Kimberly Hawkins,610.472.4229x63197,tfoster@hotmail.com,"English, Spanish"
Kara Mccall,5339116892,anthony60@sexton-sanchez.com,"English, Spanish"
Paul Newman,9938249388,deborahbruce@bruce-marsh.com,"English, Spanish"
Cassandra Wright,+1-360-457-0342x1229,belllouis@hotmail.com,"English, Spanish"
Robert Mitchell,+1-783-258-3616x79663,smithsandra@parker.com,"English, Spanish"
James Walker,+1-419-621-0566x22151,sarah91@gmail.com,"English, Spanish"
Tonya Ellison,001-732-406-9300x127,melissa12@hotmail.com,"English, Spanish"
Philip Hicks,+1-566-995-9891,lfisher@davis-bartlett.com,"English, Spanish"
Cameron Porter,+1-831-408-7764x04659,nina35@yahoo.com,"English, Spanish"
Tracy Mccoy,+1-931-511-2935,marcus91@baker.org,"English, Spanish"
Brittany Jackson,(270)260-7645x5057,petersmelanie@yahoo.com,"English, Spanish"
Paula James,226.970.4879x38239,summerspence@martinez.com,"English, Spanish"
Anthony Jones,266-232-1238x04172,qsavage@bailey-ayala.org,"English, Spanish"
Christopher Garcia,3724974298,joy43@hotmail.com,"English, Spanish"
Kevin Aguilar,(977)977-9830x55877,doris77@carter.biz,"English, Spanish"
Hannah Warren,(288)606-4396,katelyn00@roberts-owens.com,"English, Spanish"
Kimberly Collins,966.597.3595,victoria99@charles.com,"English, Spanish"
Rebecca Banks,001-763-590-9772x874,kholloway@davidson.com,"English, Spanish"
Briana Maxwell,+1-658-741-5368x375,maxwell25@martinez-delacruz.com,"English, Spanish"
Miss Ashley Schroeder DVM,905-923-9468x5292,mendozagary@nelson.org,"English, Spanish"
Timothy Martin,(437)935-1415x80661,jacqueline89@green.com,"English, Spanish"
Christine Wilkerson,908.226.1091x7296,alexreed@shannon.biz,"English, Spanish"
Andre Shaw,(500)977-4246,michaellucas@hotmail.com,"English, Spanish"
Alec Keith,+1-358-301-8326,scott19@padilla.com,"English, Spanish"
Karen Mason,001-396-949-2382,katherine19@ortiz-griffith.biz,"English, Spanish"
Jessica Vazquez,+1-778-624-3196,smithmichael@gmail.com,"English, Spanish"
Jamie Mckee,805.933.5953,angel52@gmail.com,"English, Spanish"
Karen Ferguson,(483)406-3204x7929,michellehorne@calhoun.com,"English, Spanish"
Cameron Molina,274-884-7822,kristenlowe@zuniga.net,"English, Spanish"
Ross Sheppard,(760)242-8287,bradley19@bryant-lee.com,"English, Spanish"
Amy Abbott,546-308-6287,martinezmegan@yahoo.com,"English, Spanish"
Michael Thomas,001-413-632-7751x6288,james10@hotmail.com,"English, Spanish"
Michael Stein,925.813.9742x4591,taylorchelsea@gmail.com,"English, Spanish"
George Callahan,001-403-319-2879x4596,sshea@yahoo.com,"English, Spanish"
Anthony Wilson,551.532.9035,dreed@richardson.com,"English, Spanish"
Casey Simmons,928-642-0689x4790,yshelton@kennedy-williams.com,"English, Spanish"
Joseph Shaw,(565)298-6604,shawn27@johnson.biz,"English, Spanish"
Teresa Thompson,001-784-617-7865,paulawalker@munoz.net,"English, Spanish"
Aimee Summers,+1-303-528-6177x3061,adavis@schultz-townsend.biz,"English, Spanish"
Mrs. Dawn James,7116468210,fullersusan@lynch.org,"English, Spanish"
Ryan Brady,983-307-1208x04681,dakota01@hotmail.com,"English, Spanish"
Debra Johnson,992.539.4512x6277,patrickcooley@gmail.com,"English, Spanish"
Joseph Galvan,250-877-3764,xsanchez@edwards.net,"English, Spanish"
Susan Johnson,+1-405-982-7155x818,nancywashington@warren-brock.net,"English, Spanish"
Kevin Nguyen,(800)418-8440,valenzueladavid@knight.com,"English, Spanish"
Jody Moreno,001-364-819-2653x34974,zwilliams@yahoo.com,"English, Spanish"
Kimberly Holmes,953.707.7095,zacharywalters@miller.com,"English, Spanish"
James Young,554.938.3911,harrisvictoria@gmail.com,"English, Spanish"
Jose Hendricks,001-574-707-8857x7862,monicafernandez@gmail.com,"English, Spanish"
Jason Cruz,779-271-6343x3408,butlerjenny@yahoo.com,"English, Spanish"
Steven Stewart,736.506.0014,pwilson@roach.biz,"English, Spanish"
Beth Ramirez,(261)709-7286x9833,amyers@hotmail.com,"English, Spanish"
Doris Thomas,+1-673-940-6904x31582,tcarrillo@marshall-webb.com,"English, Spanish"
Michael Chavez,+1-699-654-2673x12074,james55@gmail.com,"English, Spanish"
Heather Nelson,001-501-409-9789x00159,kara54@gmail.com,"English, Spanish"
Michael Flores,(755)806-0959,moodymichelle@robertson.com,"English, Spanish"
Jennifer Brown,+1-924-442-9866x1763,michaelsmith@hotmail.com,"English, Spanish"
Abigail Miller,+1-535-644-8467,kevin23@dunn.info,"English, Spanish"
Travis Wright,893.270.7904,andrew20@yahoo.com,"English, Spanish"
Kayla Sanchez,5606837299,villanuevajulie@hotmail.com,"English, Spanish"
Sherry Gonzalez,682.959.8829x91243,colebrett@yahoo.com,"English, Spanish"
Richard Cole,(836)904-5124x477,parnold@gmail.com,"English, Spanish"
Lauren Moore,001-492-832-9765x843,andreagrant@hotmail.com,"English, Spanish"
Kristen Ross,886-986-6722x779,anthony04@yahoo.com,"English, Spanish"
Jennifer Hicks,(947)264-6448x964,robertthompson@harrison-barnes.com,"English, Spanish"
Peggy Clark,(597)745-0091x807,stewartbrian@richardson-turner.net,"English, Spanish"
Shannon Nelson,547-852-3968x606,katherine03@hotmail.com,"English, Spanish"
Kimberly Fisher,8625065491,nathanjarvis@wilson.com,"English, Spanish"
Rachel Adams,285-317-5784x108,perezmeghan@hotmail.com,"English, Spanish"
Christopher Taylor,905-230-9824x48414,sandraperez@gonzalez.net,"English, Spanish"
Evan Jenkins,(419)777-2627x47647,fsmith@yahoo.com,"English, Spanish"
Melissa Rodriguez,630-446-7232x163,adambrewer@newton-ware.info,"English, Spanish"
Robert Benton,918-790-3600,qcurtis@mcintosh.com,"English, Spanish"
David Fernandez,001-356-612-2338,lgay@johnson-adams.com,"English, Spanish"
Matthew Galloway,(966)488-1713x1933,nicholstina@yahoo.com,"English, Spanish"
William Martinez,889.721.6919x0572,jeffrey40@murray-walker.com,"English, Spanish"
Taylor Bell,(775)810-4890,arnoldsean@davis-dawson.com,"English, Spanish"
Darryl Brown,001-530-688-2682x949,matthewsamy@hotmail.com,"English, Spanish"
Donna Doyle,447-603-1781,hooperdavid@pena-brown.org,"English, Spanish"
Chris Hood,(953)914-1470x2183,wayneanderson@gmail.com,"English, Spanish"
Emily Castillo,+1-925-893-9236x08551,pattersonnancy@chapman.net,"English, Spanish"
Ronald Miller,(952)735-6026x95227,acollins@yahoo.com,"English, Spanish"
Linda Woods,001-837-570-9375x47398,hillstephen@berry.biz,"English, Spanish"
Nathan Brown,(996)951-3584x62262,brian59@torres.com,"English, Spanish"
Denise Jackson,585.271.6477x18633,amanda14@mcdonald.com,"English, Spanish"
Debra Mcgee,220-473-3625,torresdaniel@neal.com,"English, Spanish"
Dorothy Lee,813.279.2184,johnwilliams@hughes.net,"English, Spanish"
Jason Nichols,254.874.9761,djohnson@schroeder.net,"English, Spanish"
Mrs. Mary Anderson,(404)411-9005,icasey@jenkins.com,"English, Spanish"
Justin Boyer,5008024752,barbarafreeman@barry.com,"English, Spanish"
Robert Davis,610-593-2231x819,nhall@yahoo.com,"English, Spanish"
Vickie Hunt,(218)853-2806x65626,yalvarez@hotmail.com,"English, Spanish"
Bill Ross,400.873.0714x1585,blackwelltanya@hotmail.com,"English, Spanish"
Denise Rodriguez,496.454.8124x79316,michaelsanchez@hotmail.com,"English, Spanish"
Jonathan Woods,+1-257-877-1420,lrobinson@thompson.com,"English, Spanish"
Dr. Scott James,+1-630-808-1793,rossmccarty@scott.com,"English, Spanish"
David Cabrera,291-946-8603,cgibson@yahoo.com,"English, Spanish"
Jeffery Welch,730.388.1018x337,bpeterson@yahoo.com,"English, Spanish"
Jennifer Wu,381.320.7720,laurenthompson@hotmail.com,"English, Spanish"
Sean Caldwell,722.395.1977,henry57@haynes.com,"English, Spanish"
Jennifer Hamilton,242.602.8787x385,wgutierrez@hotmail.com,"English, Spanish"
Victoria Gonzalez,619.282.2562x6645,nicholas17@edwards.com,"English, Spanish"
Lisa Wilkins,(336)637-1095x597,lloydholly@manning.com,"English, Spanish"
Michael Schwartz,(705)565-3009x2898,james97@yahoo.com,"English, Spanish"
Ruth Fuller,928-969-7588x391,samantha08@gmail.com,"English, Spanish"
Jonathan Chan,(624)735-6581,johnclayton@watkins.com,"English, Spanish"
Gina Diaz,001-762-996-2680x54615,kristine38@yahoo.com,"English, Spanish"
Nicole Robinson,001-789-240-9761,vzuniga@gmail.com,"English, Spanish"
Erica Miranda,(431)671-7091x147,zacharyweiss@gmail.com,"English, Spanish"
Billy Conner,(352)739-1063x842,lawrencejulie@yahoo.com,"English, Spanish"
Steven Ramirez,001-530-310-8859x97016,angela17@yahoo.com,"English, Spanish"
Dr. Jennifer Nguyen,001-676-681-9137,rachelsmith@gmail.com,"English, Spanish"
Elizabeth Taylor,(961)728-0073x6870,meaganbuchanan@carter-williams.net,"English, Spanish"
Kimberly Goodwin,(679)850-7605,chandlergina@perez-mcintosh.com,"English, Spanish"
Ryan Garner,001-298-955-6125,kristin26@gmail.com,"English, Spanish"
Brent Hayes,001-545-453-9768x962,jon03@west-petty.biz,"English, Spanish"
John Williams,444-679-6077x837,scottjames@smith.net,"English, Spanish"
Kim Walker,2308862490,ana58@yahoo.com,"English, Spanish"
Matthew Blair,+1-991-829-9581x7995,michael85@mitchell.com,"English, Spanish"
Ryan Little,(798)566-0513x4416,craig09@gmail.com,"English, Spanish"
Ryan Bradley,9943846946,amandaturner@gmail.com,"English, Spanish"
Mary Day,001-404-501-4798x967,robertblake@yahoo.com,"English, Spanish"
Jennifer Mendez,822-938-1538,blanchardjennifer@gmail.com,"English, Spanish"
Madison Wilcox,903-508-4084x9093,abaker@gmail.com,"English, Spanish"
Corey Anderson,872-844-5852x375,jonespatricia@reynolds.net,"English, Spanish"
Randy Williams,(412)610-6476x73459,gabriellacooper@quinn.com,"English, Spanish"
Paul Cooley,221-977-2601x34942,darrenhancock@gmail.com,"English, Spanish"
John Richardson,001-703-839-5865x554,ukelley@jordan.info,"English, Spanish"
Justin Mcdaniel,815.218.3461,barbaratorres@rangel.com,"English, Spanish"
Michael Ortiz,379-924-5771x387,mthomas@hunter-shepherd.com,"English, Spanish"
Robert Leonard,001-759-576-4006x924,jgraham@yahoo.com,"English, Spanish"
Tyler Shelton,741-690-7337x8342,brownpatricia@gmail.com,"English, Spanish"
Rebecca Flowers DDS,(872)287-3971,uwhite@hotmail.com,"English, Spanish"
Scott Gonzalez,639-413-3157,uscott@davis.info,"English, Spanish"
Jamie Dixon,+1-693-408-0987x63664,acarter@yahoo.com,"English, Spanish"
Alan Williams,(839)349-3205,tmorales@yahoo.com,"English, Spanish"
Sarah Khan,883.367.8240x73952,benitezcarol@gmail.com,"English, Spanish"
Vickie Bird,(410)337-4792x5885,matthewssara@hull-kennedy.org,"English, Spanish"
Tricia Howard,(975)921-1415x27832,farmersandra@wood.net,"English, Spanish"
Mary Howard,853.787.3788,hernandezamanda@wilson.org,"English, Spanish"
Kyle Wiley,+1-508-909-7015x06165,pwilliams@love.net,"English, Spanish"
Steven Roberts,001-722-462-1635x3021,carolmyers@lopez.com,"English, Spanish"
Ashley Matthews,676.903.6809x219,rayhill@sanchez.com,"English, Spanish"
Edwin Combs,803-581-5362x4217,mthompson@davis.org,"English, Spanish"
Charlene Miller,234.409.6175x1118,sarahcruz@yahoo.com,"English, Spanish"
Jason Stone MD,3145544579,kristenyu@yahoo.com,"English, Spanish"
Heather Garza,001-349-925-5401x6217,rpeterson@hotmail.com,"English, Spanish"
John Jones,001-955-808-9221,zoe34@gmail.com,"English, Spanish"
Victoria Larson,859-792-9658,jamesponce@little-hardy.com,"English, Spanish"
Michelle Ware,769.529.7568,sextonalexander@patterson-rodgers.com,"English, Spanish"
Tyler Parrish,(639)568-5951x112,fstephenson@gmail.com,"English, Spanish"
Nicole Johnson,854.866.4734x6299,sherri41@gmail.com,"English, Spanish"
John Lewis,(782)689-6230x4614,peggy01@hotmail.com,"English, Spanish"
Gerald Jordan,+1-740-823-2648,michael70@rodgers.com,"English, Spanish"
Kimberly Garza,779.346.0064,blacktiffany@keller.com,"English, Spanish"
Lance Mathis,+1-501-217-7938x753,mknox@tucker-knight.com,"English, Spanish"
Charles Brown,8045049843,jason09@frederick.com,"English, Spanish"
Peggy Richmond,(746)994-8765x9973,lorettajohnson@gmail.com,"English, Spanish"
Mark Cohen,+1-713-544-4366x78560,andersonrhonda@thompson.biz,"English, Spanish"
Leslie Turner,(410)931-8352,taylorandrea@morrow-pena.net,"English, Spanish"
Michael Dickerson,(283)639-9265x144,zrocha@yahoo.com,"English, Spanish"
Andre Andrews,349.803.2600x6211,joycetiffany@hotmail.com,"English, Spanish"
Brandi Horne,001-484-736-4601x5690,iparker@evans-reyes.com,"English, Spanish"
Michael Wood,001-790-829-9861x362,garellano@roach.com,"English, Spanish"
Pamela Reynolds,(633)360-9983,jking@gmail.com,"English, Spanish"
Stephanie Hanson,4004228683,heatherhenderson@gmail.com,"English, Spanish"
Scott Moses,(614)367-1670x7511,mathew57@smith-payne.org,"English, Spanish"
Cynthia Obrien,425-533-3794x413,kroberts@gmail.com,"English, Spanish"
Michael Wilson,479-730-6804x52804,brandon53@myers.com,"English, Spanish"
Matthew Johns,+1-508-420-1137,olivia39@turner.com,"English, Spanish"
Evelyn Wong,735-684-9233,jonesmaria@dalton.com,"English, Spanish"
Carolyn Miles,908.698.8148,crosbyjames@sullivan.biz,"English, Spanish"
Erin Roberts,(328)770-3648x27659,wellsallison@lane-wolfe.net,"English, Spanish"
Patricia Mcpherson,+1-790-491-0455x8917,caitlinnelson@gmail.com,"English, Spanish"
Deborah Grant,(252)303-8456,kelleymolly@yahoo.com,"English, Spanish"
Veronica Thomas,(891)252-2101x6314,marcushartman@riley-henderson.net,"English, Spanish"
Daniel Mcdaniel,3326706610,nhernandez@stewart.com,"English, Spanish"
Jeffrey Peterson,420.345.1623,john31@oconnell-decker.com,"English, Spanish"
Dwayne Brown,+1-519-667-8048x72169,jon82@yahoo.com,"English, Spanish"
Todd Berry,823-511-0878x1074,michelemarquez@robinson.net,"English, Spanish"
James Juarez,+1-516-440-3876x34876,qgreene@hotmail.com,"English, Spanish"
Cynthia Stewart,233-756-2207,duranjessica@barrett-scott.com,"English, Spanish"
Philip Park,(898)211-6782x8845,sharon02@boone-stafford.info,"English, Spanish"
Jacob Cook,923-684-9410x583,roger63@hotmail.com,"English, Spanish"
James Valdez,3628967468,ksaunders@thomas-jackson.com,"English, Spanish"
Samantha Montgomery,(897)906-9457,eric91@douglas.com,"English, Spanish"
Amanda Conner,001-312-521-5049x6137,mitchellkatie@morgan.com,"English, Spanish"
Tamara Holt,924.307.5964x763,kmcconnell@yahoo.com,"English, Spanish"
Casey Robinson,205-752-3709,howellpatrick@nichols.com,"English, Spanish"
Eric Browning,671.247.8226,wendy18@middleton.info,"English, Spanish"
Amy May,001-281-975-1335x9311,matthewnoble@gmail.com,"English, Spanish"
John Aguirre,(470)457-0344,xperez@edwards.com,"English, Spanish"
Daniel Morrow,907.442.5633,jennifer25@yahoo.com,"English, Spanish"
Michael Carter,001-215-809-9278x6706,stephanie64@hotmail.com,"English, Spanish"
James Hunt,001-527-482-5548x888,ejacobs@armstrong-hall.com,"English, Spanish"
Grace West,244-988-5415,david28@arnold-delgado.net,"English, Spanish"
Nicholas Stuart,233.385.3104x89608,conniegreen@yahoo.com,"English, Spanish"
Carol Harris,+1-573-419-8446x7328,lewisdanielle@hotmail.com,"English, Spanish"
Benjamin Terry,442-780-4661x148,ffox@duffy-thomas.org,"English, Spanish"
Robert Moody,(573)322-5815x0113,caldwelljacqueline@sanchez.com,"English, Spanish"
Destiny Dickerson,6223950720,smithaaron@miller-roth.com,"English, Spanish"
Peter Hall,(435)445-8834,blackemily@bailey.info,"English, Spanish"
Michael Ward,001-787-569-8935,rbaker@gmail.com,"English, Spanish"
Cynthia Garcia,287-460-9007x5941,keith53@thomas.org,"English, Spanish"
Michelle Myers,+1-358-895-2833x72759,phillipgonzalez@james.com,"English, Spanish"
Adrian Cooper,(804)359-3813x53964,sjackson@gmail.com,"English, Spanish"
Donna Frazier,001-750-248-6606x794,webbjames@gmail.com,"English, Spanish"
Brianna Hammond,(715)937-4706x4664,smithallison@gmail.com,"English, Spanish"
Austin Rodriguez,847-870-1177x73325,walkerapril@yahoo.com,"English, Spanish"
Kathryn Marsh,734.293.8966x4575,derekosborne@perez-michael.com,"English, Spanish"
Stacey Li,+1-293-407-2273,djackson@hotmail.com,"English, Spanish"
Charles Livingston,678.875.1326,chapmanzachary@hotmail.com,"English, Spanish"
Steven Forbes,+1-988-443-9256x654,johnny30@morris.com,"English, Spanish"
Mitchell Matthews,298-815-9774,willie10@hotmail.com,"English, Spanish"
Kathryn Soto,2663761159,hcarpenter@craig.info,"English, Spanish"
Jessica Morgan,(965)945-4875x23408,longdarrell@hotmail.com,"English, Spanish"
Colton Sanchez,+1-394-491-1670x57095,dianahendrix@hotmail.com,"English, Spanish"
Christina Clark,(724)470-4160,matthewsmichael@hotmail.com,"English, Spanish"
Mark Garrison,+1-635-857-8330,clloyd@hotmail.com,"English, Spanish"
Anthony Wilkinson,933-419-2989x64620,hancockmichael@hotmail.com,"English, Spanish"
Susan Owens,594-847-3950x8719,craig66@yahoo.com,"English, Spanish"
William Cook,001-625-988-2057x55734,wendywade@olson.net,"English, Spanish"
Theresa Smith,429.936.9683,anthonycook@gibson-simmons.org,"English, Spanish"
Heidi Briggs,345.901.2101x9933,simpsonmatthew@frank.com,"English, Spanish"
Sarah Ferguson,801.503.2853,singletonkristin@gill.com,"English, Spanish"
Janet Oconnor,(473)757-6567,cmathews@gmail.com,"English, Spanish"
Katherine Summers,456-885-8007x778,olsonjeremy@hotmail.com,"English, Spanish"
Christopher Mcneil,886.929.8192x18596,matthewsandoval@gmail.com,"English, Spanish"
Stephanie Bell,9634124141,albert96@mueller.com,"English, Spanish"
Heather Tucker,638.935.2213,ryan13@mcbride-tyler.com,"English, Spanish"
Mark Edwards,+1-730-842-0887x825,smithcory@hotmail.com,"English, Spanish"
Ellen Tucker,001-412-205-3907,browncrystal@yahoo.com,"English, Spanish"
Caitlin Barker,001-318-348-2481x8764,westcatherine@gmail.com,"English, Spanish"
Jesse Nguyen MD,001-732-941-4043,danielle70@cruz.com,"English, Spanish"
Shawna Bailey,(875)602-2739x38915,millerjames@gmail.com,"English, Spanish"
Gabriella Jackson,811-656-4661x977,juliecarson@blake-ramos.com,"English, Spanish"
Steven Wheeler,632.728.9967x2093,chandlerkatherine@young.com,"English, Spanish"
Michelle Roth,(203)833-0582x23093,manuel61@yahoo.com,"English, Spanish"
Sherri Bates,(603)927-2764x34738,davidroach@williams.biz,"English, Spanish"
Brittany Green,+1-448-720-5928x753,meghanaustin@johnson.com,"English, Spanish"
Jesus Perez,997.554.8150x272,nicole01@cooper-summers.com,"English, Spanish"
Tammy Garcia,(880)947-0674,jgraham@knapp.com,"English, Spanish"
Jerry Wong,9794999273,kdavis@brewer-cruz.com,"English, Spanish"
Christine Martinez,(310)753-2619,hannah13@lopez.com,"English, Spanish"
Susan Thompson,001-926-424-4796x775,lisajones@hotmail.com,"English, Spanish"
Diane Martinez,001-830-992-8149x091,jmendoza@gmail.com,"English, Spanish"
Roger Bailey,(619)409-8583x03721,sarahcarroll@contreras-robinson.com,"English, Spanish"
Sandra Odom,393.394.7289x27000,perrydouglas@bentley.com,"English, Spanish"
Brent Nash,001-593-352-1972x7668,christinegarrett@price.info,"English, Spanish"
Jill Shepherd,347.820.4230x2817,david39@smith-smith.com,"English, Spanish"
Michael Nguyen,(214)619-1036,martinjulia@hunter-huff.com,"English, Spanish"
David Kelly,(903)825-5629x061,xmorris@yahoo.com,"English, Spanish"
Brittney Ortiz,295-657-5090,brett89@yahoo.com,"English, Spanish"
Danielle Cole,+1-415-775-1642x4123,kdavis@cox.info,"English, Spanish"
Sandra Garcia,702.401.9943x706,cmckay@gmail.com,"English, Spanish"
Samuel George,313-729-1911x3430,smithmatthew@hernandez.biz,"English, Spanish"
Steven Mclean,367-587-7544x56140,hahnchristopher@lee.org,"English, Spanish"
Martin Clark,(399)584-1515x708,williamwinters@gmail.com,"English, Spanish"
Linda Walker,335-350-5285x77552,dana68@wolf-patterson.net,"English, Spanish"
Heather Wallace,001-849-751-9647,pattersonthomas@gilbert-price.org,"English, Spanish"
Nancy Burton,933-484-7526x30961,gallegosalison@dixon.com,"English, Spanish"
Bradley Mcfarland,945.504.1010x2230,amanda00@rivera.com,"English, Spanish"
Jeffery Obrien,426.519.3951x128,michael19@martinez.com,"English, Spanish"
Frank Moran,558-250-5306x858,jennyjames@young.net,"English, Spanish"
Ronnie Anderson,940.934.1920x1605,wwhite@hotmail.com,"English, Spanish"
Jennifer Bryan,678-573-4817,anthonyhenderson@taylor.com,"English, Spanish"
Billy Harrison,747-758-1141,lori79@yahoo.com,"English, Spanish"
John Schneider,7057863377,david30@patel-holmes.com,"English, Spanish"
Miguel Hawkins,+1-623-782-3325x93911,mcmahonterri@gomez.com,"English, Spanish"
Jonathan Lopez,+1-488-389-4690x848,burnsjustin@hotmail.com,"English, Spanish"
Daniel Horn,+1-298-679-0556x10924,terry15@yahoo.com,"English, Spanish"
Deanna Henderson,+1-494-726-8156x212,heatherlopez@gmail.com,"English, Spanish"
Jennifer Graham,(767)879-6467x473,mclaughlinkevin@cole.info,"English, Spanish"
Michael Ellis,750-688-6889x71978,ashley55@hotmail.com,"English, Spanish"
Sarah Downs,749-547-9746,roachcharles@gmail.com,"English, Spanish"
Bruce Smith,+1-511-501-9110x909,barrettgary@yahoo.com,"English, Spanish"
Heidi Rogers,6554749710,hklein@cooper-harris.biz,"English, Spanish"
Michele Meyers,2732494309,barbara53@hotmail.com,"English, Spanish"
Larry Cervantes,718.395.9269x963,bryanmichael@hill.com,"English, Spanish"
Cynthia Perez,676-709-9120x3323,nwilliams@yahoo.com,"English, Spanish"
Shane Williams,9038183128,rogernichols@hobbs.com,"English, Spanish"
Justin Smith,(501)358-3210x012,rodgersphilip@yahoo.com,"English, Spanish"
Anthony Morris,(720)374-1801x996,qyates@yahoo.com,"English, Spanish"
Tara Cox,001-941-629-8571x35756,robertcrane@yahoo.com,"English, Spanish"
John Sanchez,837-399-4014x8047,daltondaniel@hensley-beasley.info,"English, Spanish"
Melissa Harris,581.419.7118,brandon60@hotmail.com,"English, Spanish"
Steven Harris,(206)222-5427x438,keiththomas@hotmail.com,"English, Spanish"
Susan Houston,(752)800-9484,pramos@sullivan-richards.com,"English, Spanish"
Tiffany Hooper,001-348-783-1283x755,utorres@gmail.com,"English, Spanish"
James Jensen,001-487-738-7566x630,freemansarah@campbell.com,"English, Spanish"
Anna Jones,(540)962-5094,anthony27@martinez.com,"English, Spanish"
Robert Crane,(532)990-2955x9806,sherylshort@garcia.com,"English, Spanish"
Hannah Gutierrez,757-671-3886x06701,watsonjohn@harris.net,"English, Spanish"
Lori Schneider,6288381273,jason73@williams.biz,"English, Spanish"
Jack Rush,796-417-5587x58800,hdowns@yahoo.com,"English, Spanish"
Bailey Smith,542-881-5191x36794,lorraine28@webb-fuller.com,"English, Spanish"
Joe Patterson,736-964-0906x340,marywest@yahoo.com,"English, Spanish"
Gary Harris,989-906-5806x66521,karenmcgrath@patrick.com,"English, Spanish"
Alicia Santiago,589.410.5521x61059,thomasdaniels@gmail.com,"English, Spanish"
Christopher Lowery,(967)437-2681x907,crawfordnathan@hotmail.com,"English, Spanish"
Curtis Kent,001-451-252-2542x331,tammy09@sharp.net,"English, Spanish"
